run,size,position,container,loops,elapsed_seconds,ns_per_lookup,expected_found
1,10000,last,set,148148,0.003694311000,24.936624,true
1,10000,last,list,74,0.004674035000,63162.635135,true
1,10000,absent,set,200561,0.003582426000,17.862027,false
1,10000,first,set,207210,0.003633342000,17.534588,true
1,100,first,list,214224,0.004025009000,18.788787,true
1,1000,first,set,193498,0.003386398000,17.500946,true
1,100,absent,list,9643,0.004799940000,497.764181,false
1,10000,absent,list,81,0.005300197000,65434.530864,false
1,1000,absent,set,203004,0.003626211000,17.862756,false
1,1000,first,list,216169,0.003866475000,17.886353,true
1,1000,last,set,153139,0.003711737000,24.237699,true
1,1000,last,list,811,0.005178798000,6385.694205,true
1,100,first,set,174520,0.003057504000,17.519505,true
1,100,absent,set,180897,0.003511793000,19.413219,false
1,100,last,set,201288,0.003663967000,18.202610,true
1,100,last,list,10504,0.005249642000,499.775514,true
1,10000,first,list,222915,0.004029586000,18.076783,true
1,1000,absent,list,852,0.005333526000,6260.007042,false
2,1000,last,set,153139,0.003783223000,24.704504,true
2,100,last,list,10504,0.005074395000,483.091679,true
2,100,last,set,201288,0.003495178000,17.364065,true
2,100,first,list,214224,0.003719689000,17.363549,true
2,100,absent,set,180897,0.003104723000,17.162932,false
2,10000,first,set,207210,0.003602146000,17.384036,true
2,1000,first,set,193498,0.003431935000,17.736282,true
2,100,first,set,174520,0.003102359000,17.776524,true
2,1000,absent,list,852,0.004948269000,5807.827465,false
2,10000,first,list,222915,0.003869090000,17.356795,true
2,1000,first,list,216169,0.003869760000,17.901549,true
2,100,absent,list,9643,0.004779129000,495.606035,false
2,1000,last,list,811,0.004772500000,5884.710234,true
2,10000,absent,set,200561,0.003506845000,17.485179,false
2,1000,absent,set,203004,0.003569858000,17.585161,false
2,10000,last,list,74,0.004646595000,62791.824325,true
2,10000,absent,list,81,0.004976831000,61442.358025,false
2,10000,last,set,148148,0.003509359000,23.688197,true
3,100,first,list,214224,0.004010247000,18.719877,true
3,1000,first,list,216169,0.003935077000,18.203706,true
3,1000,last,list,811,0.005361747000,6611.278668,true
3,100,absent,list,9643,0.005827824000,604.357980,false
3,10000,first,set,207210,0.004213537000,20.334622,true
3,100,last,list,10504,0.005385843000,512.742098,true
3,1000,first,set,193498,0.003303616000,17.073127,true
3,10000,last,list,74,0.004876012000,65892.054054,true
3,10000,absent,list,81,0.005059333000,62460.901235,false
3,10000,absent,set,200561,0.003407749000,16.991085,false
3,100,absent,set,180897,0.003093666000,17.101809,false
3,1000,absent,list,852,0.004992213000,5859.404930,false
3,1000,absent,set,203004,0.003494948000,17.216153,false
3,100,first,set,174520,0.003487938000,19.985893,true
3,100,last,set,201288,0.003629866000,18.033196,true
3,1000,last,set,153139,0.003717807000,24.277336,true
3,10000,first,list,222915,0.004020192000,18.034641,true
3,10000,last,set,148148,0.003563469000,24.053440,true
4,1000,first,set,193498,0.003337566000,17.248581,true
4,100,absent,set,180897,0.003094698000,17.107514,false
4,1000,last,set,153139,0.003711848000,24.238424,true
4,100,first,list,214224,0.003707652000,17.307361,true
4,10000,last,list,74,0.004858346000,65653.324324,true
4,100,last,list,10504,0.005078882000,483.518850,true
4,1000,absent,set,203004,0.003544851000,17.461976,false
4,100,last,set,201288,0.003436121000,17.070670,true
4,10000,first,set,207210,0.003541907000,17.093321,true
4,10000,last,set,148148,0.003625891000,24.474789,true
4,10000,absent,list,81,0.005075857000,62664.901235,false
4,1000,last,list,811,0.005035327000,6208.787916,true
4,1000,first,list,216169,0.003749954000,17.347325,true
4,10000,first,list,222915,0.004019631000,18.032124,true
4,1000,absent,list,852,0.005365202000,6297.185446,false
4,100,absent,list,9643,0.004695406000,486.923779,false
4,10000,absent,set,200561,0.003444313000,17.173394,false
4,100,first,set,174520,0.003046388000,17.455810,true
5,1000,first,set,193498,0.003335223000,17.236473,true
5,100,first,list,214224,0.003796753000,17.723285,true
5,10000,last,list,74,0.004697630000,63481.486487,true
5,10000,first,list,222915,0.003869519000,17.358720,true
5,1000,last,set,153139,0.003709884000,24.225599,true
5,1000,absent,set,203004,0.003481478000,17.149800,false
5,10000,absent,set,200561,0.003424735000,17.075777,false
5,100,last,list,10504,0.005010350000,476.994478,true
5,100,first,set,174520,0.002984526000,17.101341,true
5,100,absent,set,180897,0.003084944000,17.053594,false
5,1000,first,list,216169,0.003765827000,17.420754,true
5,10000,last,set,148148,0.003507707000,23.677046,true
5,10000,absent,list,81,0.005328899000,65788.876543,false
5,1000,absent,list,852,0.005103067000,5989.515258,false
5,10000,first,set,207210,0.003550069000,17.132711,true
5,100,absent,list,9643,0.004843985000,502.331743,false
5,1000,last,list,811,0.004995288000,6159.418002,true
5,100,last,set,201288,0.003527616000,17.525218,true
6,10000,last,list,74,0.004846078000,65487.540540,true
6,10000,first,list,222915,0.004029916000,18.078263,true
6,1000,first,set,193498,0.003550150000,18.347218,true
6,1000,first,list,216169,0.003816492000,17.655131,true
6,100,first,list,214224,0.003788641000,17.685418,true
6,10000,first,set,207210,0.003548627000,17.125752,true
6,10000,absent,set,200561,0.003432877000,17.116374,false
6,100,last,set,201288,0.003610799000,17.938471,true
6,100,first,set,174520,0.003056772000,17.515311,true
6,1000,last,list,811,0.004713203000,5811.594328,true
6,100,last,list,10504,0.005249452000,499.757426,true
6,1000,absent,list,852,0.004992294000,5859.500000,false
6,10000,last,set,148148,0.003500296000,23.627022,true
6,100,absent,set,180897,0.003140787000,17.362295,false
6,100,absent,list,9643,0.004685191000,485.864461,false
6,1000,last,set,153139,0.003904741000,25.498018,true
6,1000,absent,set,203004,0.003498743000,17.234848,false
6,10000,absent,list,81,0.005055147000,62409.222222,false
7,10000,last,set,148148,0.003502720000,23.643384,true
7,1000,absent,list,852,0.004937583000,5795.285211,false
7,1000,first,list,216169,0.003789592000,17.530691,true
7,100,absent,set,180897,0.003093487000,17.100820,false
7,10000,absent,set,200561,0.003585091000,17.875315,false
7,100,last,list,10504,0.005250984000,499.903275,true
7,1000,last,list,811,0.004707294000,5804.308261,true
7,10000,last,list,74,0.004547819000,61457.013514,true
7,10000,first,list,222915,0.003993382000,17.914371,true
7,1000,absent,set,203004,0.003694972000,18.201474,false
7,1000,first,set,193498,0.003534747000,18.267615,true
7,100,last,set,201288,0.003651308000,18.139720,true
7,1000,last,set,153139,0.003796652000,24.792195,true
7,100,absent,list,9643,0.004732050000,490.723841,false
7,100,first,list,214224,0.003715624000,17.344574,true
7,100,first,set,174520,0.003009162000,17.242505,true
7,10000,absent,list,81,0.005128684000,63317.086420,false
7,10000,first,set,207210,0.003597820000,17.363158,true
8,100,first,list,214224,0.003764986000,17.574996,true
8,10000,first,set,207210,0.003531642000,17.043782,true
8,10000,absent,list,81,0.005335980000,65876.296296,false
8,1000,absent,set,203004,0.003901587000,19.219262,false
8,100,last,set,201288,0.003518853000,17.481683,true
8,1000,last,list,811,0.005355638000,6603.745993,true
8,1000,absent,list,852,0.005013856000,5884.807512,false
8,100,absent,list,9643,0.004697710000,487.162709,false
8,100,absent,set,180897,0.003213133000,17.762224,false
8,10000,last,set,148148,0.003618740000,24.426519,true
8,100,last,list,10504,0.005358132000,510.103960,true
8,10000,absent,set,200561,0.003550831000,17.704494,false
8,1000,first,set,193498,0.003310406000,17.108218,true
8,1000,first,list,216169,0.004112818000,19.025938,true
8,100,first,set,174520,0.003083212000,17.666812,true
8,10000,last,list,74,0.004695757000,63456.175675,true
8,10000,first,list,222915,0.003886595000,17.435323,true
8,1000,last,set,153139,0.003715784000,24.264126,true
9,100,first,set,174520,0.002984697000,17.102321,true
9,100,first,list,214224,0.004260325000,19.887244,true
9,1000,last,list,811,0.004779340000,5893.144266,true
9,100,last,set,201288,0.003544721000,17.610195,true
9,10000,absent,set,200561,0.003427499000,17.089559,false
9,100,last,list,10504,0.005000305000,476.038176,true
9,100,absent,set,180897,0.003120436000,17.249794,false
9,1000,first,list,216169,0.003906735000,18.072596,true
9,10000,last,list,74,0.004683649000,63292.554054,true
9,1000,last,set,153139,0.003722723000,24.309438,true
9,1000,absent,list,852,0.004923632000,5778.910798,false
9,100,absent,list,9643,0.004798549000,497.619932,false
9,10000,first,list,222915,0.003881537000,17.412633,true
9,1000,first,set,193498,0.003401100000,17.576926,true
9,10000,last,set,148148,0.003706229000,25.017071,true
9,10000,absent,list,81,0.005219298000,64435.777778,false
9,10000,first,set,207210,0.003596597000,17.357256,true
9,1000,absent,set,203004,0.004475913000,22.048398,false
10,100,absent,list,9643,0.004934509000,511.719278,false
10,1000,absent,set,203004,0.003512604000,17.303127,false
10,1000,absent,list,852,0.004955248000,5816.018779,false
10,10000,first,set,207210,0.003636587000,17.550249,true
10,1000,last,set,153139,0.003771146000,24.625641,true
10,10000,absent,list,81,0.004991482000,61623.234568,false
10,100,absent,set,180897,0.003198441000,17.681006,false
10,1000,first,set,193498,0.003467668000,17.920950,true
10,10000,last,list,74,0.004770828000,64470.648649,true
10,1000,first,list,216169,0.003837622000,17.752879,true
10,100,last,set,201288,0.003430392000,17.042208,true
10,100,first,set,174520,0.002990645000,17.136403,true
10,100,last,list,10504,0.005572128000,530.476771,true
10,1000,last,list,811,0.004725380000,5826.609125,true
10,10000,absent,set,200561,0.003519053000,17.546048,false
10,10000,first,list,222915,0.003881778000,17.413714,true
10,100,first,list,214224,0.003867036000,18.051367,true
10,10000,last,set,148148,0.003599392000,24.295920,true
11,1000,first,list,216169,0.003882188000,17.959041,true
11,100,last,list,10504,0.005551988000,528.559406,true
11,10000,absent,set,200561,0.003560615000,17.753277,false
11,1000,absent,set,203004,0.003690776000,18.180804,false
11,100,first,set,174520,0.003129120000,17.929865,true
11,10000,first,list,222915,0.004020762000,18.037198,true
11,100,absent,set,180897,0.003386989000,18.723301,false
11,1000,absent,list,852,0.005363751000,6295.482394,false
11,1000,last,set,153139,0.003782672000,24.700906,true
11,1000,last,list,811,0.004953877000,6108.356350,true
11,1000,first,set,193498,0.003558982000,18.392862,true
11,10000,absent,list,81,0.004985444000,61548.691358,false
11,10000,last,set,148148,0.003585462000,24.201893,true
11,10000,first,set,207210,0.004362626000,21.054129,true
11,100,absent,list,9643,0.004816494000,499.480867,false
11,100,first,list,214224,0.003730646000,17.414697,true
11,100,last,set,201288,0.003442240000,17.101069,true
11,10000,last,list,74,0.004536573000,61305.040540,true
12,1000,absent,set,203004,0.003483682000,17.160657,false
12,100,first,list,214224,0.003890040000,18.158750,true
12,1000,absent,list,852,0.005145869000,6039.752347,false
12,1000,first,list,216169,0.003750524000,17.349962,true
12,10000,first,list,222915,0.004004198000,17.962892,true
12,100,last,set,201288,0.003516830000,17.471633,true
12,10000,first,set,207210,0.003650917000,17.619405,true
12,100,absent,set,180897,0.003169058000,17.518577,false
12,1000,last,list,811,0.005275591000,6505.044390,true
12,1000,last,set,153139,0.003819776000,24.943195,true
12,10000,last,list,74,0.004581398000,61910.783784,true
12,10000,absent,set,200561,0.003521948000,17.560483,false
12,100,absent,list,9643,0.004886228000,506.712434,false
12,100,first,set,174520,0.003076331000,17.627384,true
12,100,last,list,10504,0.005204746000,495.501333,true
12,1000,first,set,193498,0.003446907000,17.813657,true
12,10000,absent,list,81,0.005092241000,62867.172840,false
12,10000,last,set,148148,0.003549308000,23.957853,true
13,100,first,list,214224,0.003869529000,18.063004,true
13,10000,last,set,148148,0.003924411000,26.489801,true
13,100,absent,list,9643,0.004642858000,481.474437,false
13,10000,last,list,74,0.004532546000,61250.621621,true
13,1000,last,list,811,0.005966689000,7357.199753,true
13,10000,absent,set,200561,0.003709354000,18.494892,false
13,10000,absent,list,81,0.005343511000,65969.271605,false
13,1000,first,set,193498,0.003754020000,19.400821,true
13,100,last,set,201288,0.003576478000,17.767964,true
13,100,absent,set,180897,0.003479115000,19.232574,false
13,1000,absent,list,852,0.007976780000,9362.417840,false
13,1000,first,list,216169,0.003827038000,17.703917,true
13,10000,first,list,222915,0.004944013000,22.178916,true
13,1000,absent,set,203004,0.005647698000,27.820624,false
13,10000,first,set,207210,0.003723574000,17.970050,true
13,100,last,list,10504,0.005047034000,480.486862,true
13,1000,last,set,153139,0.003800578000,24.817832,true
13,100,first,set,174520,0.003241815000,18.575607,true
14,100,first,list,214224,0.003721122000,17.370239,true
14,10000,first,list,222915,0.003853156000,17.285315,true
14,10000,absent,list,81,0.005502735000,67935.000000,false
14,100,last,set,201288,0.003678989000,18.277240,true
14,1000,absent,list,852,0.005020535000,5892.646714,false
14,100,absent,list,9643,0.005145699000,533.620139,false
14,10000,first,set,207210,0.003524642000,17.010000,true
14,1000,first,list,216169,0.003923759000,18.151349,true
14,1000,last,list,811,0.004944793000,6097.155364,true
14,100,first,set,174520,0.003035762000,17.394923,true
14,1000,first,set,193498,0.003598901000,18.599164,true
14,100,absent,set,180897,0.003100548000,17.139853,false
14,10000,last,list,74,0.005199098000,70258.081081,true
14,1000,last,set,153139,0.003795190000,24.782648,true
14,10000,last,set,148148,0.003856741000,26.033028,true
14,100,last,list,10504,0.005204245000,495.453637,true
14,1000,absent,set,203004,0.003473015000,17.108111,false
14,10000,absent,set,200561,0.003785206000,18.873091,false
15,1000,last,set,153139,0.004055123000,26.480015,true
15,100,last,list,10504,0.005182844000,493.416222,true
15,10000,first,set,207210,0.003566744000,17.213185,true
15,100,last,set,201288,0.003446888000,17.124160,true
15,100,first,set,174520,0.003070002000,17.591118,true
15,10000,absent,set,200561,0.003768761000,18.791096,false
15,1000,last,list,811,0.005270863000,6499.214550,true
15,1000,absent,list,852,0.004942961000,5801.597418,false
15,100,absent,list,9643,0.004836353000,501.540288,false
15,10000,absent,list,81,0.004999644000,61724.000000,false
15,100,absent,set,180897,0.003590690000,19.849362,false
15,10000,last,list,74,0.005118830000,69173.378378,true
15,1000,absent,set,203004,0.003820768000,18.821146,false
15,100,first,list,214224,0.004143844000,19.343510,true
15,1000,first,list,216169,0.003758236000,17.385638,true
15,10000,first,list,222915,0.004000122000,17.944607,true
15,10000,last,set,148148,0.003585572000,24.202635,true
15,1000,first,set,193498,0.003303617000,17.073133,true
16,10000,first,set,207210,0.003547465000,17.120144,true
16,100,last,set,201288,0.003490411000,17.340383,true
16,1000,last,list,811,0.005001828000,6167.482121,true
16,1000,absent,list,852,0.005191538000,6093.354460,false
16,100,first,list,214224,0.003741341000,17.464621,true
16,10000,last,set,148148,0.003533585000,23.851723,true
16,10000,last,list,74,0.005451080000,73663.243243,true
16,100,last,list,10504,0.005167522000,491.957540,true
16,100,absent,list,9643,0.004887840000,506.879602,false
16,100,first,set,174520,0.003163931000,18.129332,true
16,1000,last,set,153139,0.003834048000,25.036392,true
16,10000,absent,set,200561,0.003630838000,18.103410,false
16,1000,absent,set,203004,0.003737776000,18.412327,false
16,1000,first,set,193498,0.003384105000,17.489095,true
16,10000,absent,list,81,0.005175695000,63897.469136,false
16,100,absent,set,180897,0.003624578000,20.036695,false
16,10000,first,list,222915,0.003997318000,17.932028,true
16,1000,first,list,216169,0.003834518000,17.738519,true
17,100,first,list,214224,0.003781981000,17.654329,true
17,10000,absent,list,81,0.005125069000,63272.456790,false
17,1000,first,set,193498,0.003697726000,19.109893,true
17,1000,last,set,153139,0.003815921000,24.918022,true
17,100,absent,list,9643,0.005059003000,524.629576,false
17,1000,absent,set,203004,0.003564921000,17.560841,false
17,1000,last,list,811,0.004869042000,6003.750925,true
17,100,last,list,10504,0.005014306000,477.371097,true
17,10000,absent,set,200561,0.003428861000,17.096350,false
17,100,last,set,201288,0.003453057000,17.154808,true
17,10000,last,list,74,0.004685732000,63320.702703,true
17,1000,absent,list,852,0.006364104000,7469.605634,false
17,100,first,set,174520,0.003082140000,17.660669,true
17,10000,last,set,148148,0.003628305000,24.491083,true
17,10000,first,list,222915,0.003879755000,17.404639,true
17,10000,first,set,207210,0.003657688000,17.652082,true
17,1000,first,list,216169,0.003913665000,18.104654,true
17,100,absent,set,180897,0.003130351000,17.304604,false
18,100,last,list,10504,0.005037140000,479.544935,true
18,1000,first,set,193498,0.003403723000,17.590482,true
18,1000,absent,set,203004,0.003545733000,17.466321,false
18,100,first,set,174520,0.003081790000,17.658664,true
18,1000,last,set,153139,0.004115402000,26.873638,true
18,10000,first,list,222915,0.003947785000,17.709822,true
18,100,first,list,214224,0.003997388000,18.659851,true
18,1000,absent,list,852,0.004988919000,5855.538732,false
18,10000,last,list,74,0.005014216000,67759.675676,true
18,100,absent,set,180897,0.003187304000,17.619441,false
18,100,absent,list,9643,0.004773101000,494.980919,false
18,10000,absent,set,200561,0.003474439000,17.323602,false
18,100,last,set,201288,0.003601806000,17.893794,true
18,1000,last,list,811,0.004712050000,5810.172626,true
18,10000,absent,list,81,0.005123737000,63256.012346,false
18,10000,last,set,148148,0.003527366000,23.809744,true
18,10000,first,set,207210,0.003624318000,17.491038,true
18,1000,first,list,216169,0.003980813000,18.415282,true
19,100,absent,set,180897,0.003147436000,17.399050,false
19,100,last,set,201288,0.003865344000,19.203052,true
19,10000,first,list,222915,0.004275868000,19.181607,true
19,1000,last,set,153139,0.003714642000,24.256669,true
19,100,first,list,214224,0.003736984000,17.444283,true
19,100,first,set,174520,0.003272130000,18.749312,true
19,10000,absent,list,81,0.005147682000,63551.629630,false
19,10000,absent,set,200561,0.003646982000,18.183904,false
19,1000,first,list,216169,0.003766118000,17.422100,true
19,1000,last,list,811,0.004748955000,5855.678175,true
19,1000,absent,list,852,0.005286667000,6205.008216,false
19,100,absent,list,9643,0.004744799000,492.045940,false
19,10000,last,list,74,0.005066212000,68462.324324,true
19,1000,first,set,193498,0.003321452000,17.165304,true
19,10000,first,set,207210,0.003621845000,17.479103,true
19,100,last,list,10504,0.005309781000,505.500857,true
19,1000,absent,set,203004,0.003498213000,17.232237,false
19,10000,last,set,148148,0.003693580000,24.931690,true
20,1000,last,list,811,0.004778199000,5891.737361,true
20,100,first,list,214224,0.004044868000,18.881489,true
20,100,first,set,174520,0.003373830000,19.332054,true
20,10000,last,list,74,0.004748003000,64162.202703,true
20,10000,last,set,148148,0.003783955000,25.541722,true
20,10000,first,list,222915,0.003943359000,17.689967,true
20,10000,first,set,207210,0.003651198000,17.620762,true
20,1000,first,set,193498,0.003585281000,18.528775,true
20,1000,last,set,153139,0.003792827000,24.767218,true
20,100,last,set,201288,0.003450672000,17.142959,true
20,100,absent,set,180897,0.003141527000,17.366385,false
20,1000,first,list,216169,0.003786938000,17.518414,true
20,100,absent,list,9643,0.004739502000,491.496630,false
20,100,last,list,10504,0.010393795000,989.508283,true
20,10000,absent,list,81,0.005563756000,68688.345679,false
20,1000,absent,set,203004,0.004239144000,20.882071,false
20,1000,absent,list,852,0.005561131000,6527.149061,false
20,10000,absent,set,200561,0.004047181000,20.179302,false
21,1000,absent,set,203004,0.003777364000,18.607338,false
21,100,first,list,214224,0.004319793000,20.164841,true
21,10000,absent,set,200561,0.004507800000,22.475955,false
21,10000,absent,list,81,0.005187721000,64045.938272,false
21,10000,first,list,222915,0.003988755000,17.893614,true
21,10000,first,set,207210,0.003827818000,18.473134,true
21,100,first,set,174520,0.003628265000,20.789967,true
21,100,absent,set,180897,0.003335563000,18.439018,false
21,1000,absent,list,852,0.005342269000,6270.268779,false
21,100,last,set,201288,0.003854047000,19.146929,true
21,1000,last,list,811,0.005018132000,6187.585697,true
21,100,absent,list,9643,0.005248951000,544.327595,false
21,100,last,list,10504,0.005212678000,496.256474,true
21,10000,last,list,74,0.006212360000,83950.810811,true
21,1000,first,set,193498,0.006994202000,36.146120,true
21,1000,first,list,216169,0.004533237000,20.970801,true
21,10000,last,set,148148,0.003911952000,26.405702,true
21,1000,last,set,153139,0.005295110000,34.577149,true
22,10000,last,list,74,0.006092364000,82329.243243,true
22,10000,first,set,207210,0.003937890000,19.004343,true
22,10000,last,set,148148,0.003807438000,25.700232,true
22,1000,absent,set,203004,0.006689243000,32.951287,false
22,1000,first,list,216169,0.004336568000,20.061008,true
22,100,last,set,201288,0.003607313000,17.921153,true
22,10000,absent,list,81,0.006203578000,76587.382716,false
22,100,last,list,10504,0.006315543000,601.251238,true
22,100,first,list,214224,0.004269159000,19.928481,true
22,1000,last,set,153139,0.004563622000,29.800521,true
22,100,absent,set,180897,0.004975199000,27.502938,false
22,10000,first,list,222915,0.004414643000,19.804154,true
22,1000,first,set,193498,0.003393960000,17.540026,true
22,100,first,set,174520,0.003455070000,19.797559,true
22,100,absent,list,9643,0.005500672000,570.431608,false
22,1000,last,list,811,0.005371402000,6623.183724,true
22,10000,absent,set,200561,0.003759218000,18.743514,false
22,1000,absent,list,852,0.004940047000,5798.177230,false
23,1000,first,set,193498,0.003309194000,17.101955,true
23,100,last,list,10504,0.005938989000,565.402609,true
23,100,first,list,214224,0.006222636000,29.047334,true
23,100,absent,list,9643,0.007150413000,741.513326,false
23,1000,absent,set,203004,0.009734238000,47.950966,false
23,1000,absent,list,852,0.005726956000,6721.779343,false
23,1000,last,list,811,0.005976473000,7369.263872,true
23,100,absent,set,180897,0.003689845000,20.397491,false
23,1000,last,set,153139,0.005191067000,33.897746,true
23,100,first,set,174520,0.003404856000,19.509833,true
23,10000,absent,list,81,0.006285109000,77593.938272,false
23,10000,first,set,207210,0.004344610000,20.967183,true
23,1000,first,list,216169,0.003893034000,18.009215,true
23,10000,last,set,148148,0.004047562000,27.321071,true
23,10000,last,list,74,0.005485059000,74122.418919,true
23,10000,first,list,222915,0.004127299000,18.515125,true
23,10000,absent,set,200561,0.003926434000,19.577256,false
23,100,last,set,201288,0.003615816000,17.963396,true
24,1000,absent,set,203004,0.003789542000,18.667327,false
24,10000,last,set,148148,0.003688353000,24.896408,true
24,100,first,set,174520,0.002984516000,17.101284,true
24,100,absent,list,9643,0.005475916000,567.864358,false
24,1000,first,set,193498,0.004049294000,20.926800,true
24,100,last,list,10504,0.005788567000,551.082159,true
24,1000,last,set,153139,0.004891815000,31.943626,true
24,10000,first,set,207210,0.004497395000,21.704527,true
24,10000,absent,set,200561,0.003975646000,19.822628,false
24,100,last,set,201288,0.004991011000,24.795373,true
24,10000,last,list,74,0.005631265000,76098.175676,true
24,10000,first,list,222915,0.006668563000,29.915273,true
24,1000,last,list,811,0.006236026000,7689.304562,true
24,10000,absent,list,81,0.007214016000,89061.925926,false
24,100,first,list,214224,0.005235662000,24.440128,true
24,1000,first,list,216169,0.004069114000,18.823763,true
24,100,absent,set,180897,0.003104703000,17.162822,false
24,1000,absent,list,852,0.005118899000,6008.097418,false
25,1000,last,list,811,0.005011481000,6179.384710,true
25,100,first,set,174520,0.003219122000,18.445576,true
25,1000,first,list,216169,0.003877982000,17.939584,true
25,10000,first,set,207210,0.004116374000,19.865711,true
25,10000,last,set,148148,0.003959483000,26.726537,true
25,1000,last,set,153139,0.004085297000,26.677052,true
25,10000,first,list,222915,0.004775584000,21.423341,true
25,100,absent,list,9643,0.006459114000,669.824121,false
25,100,last,set,201288,0.004786100000,23.777374,true
25,1000,first,set,193498,0.003512544000,18.152870,true
25,100,absent,set,180897,0.004405179000,24.351863,false
25,10000,last,list,74,0.004862582000,65710.567567,true
25,1000,absent,set,203004,0.005607179000,27.621027,false
25,1000,absent,list,852,0.006443582000,7562.889671,false
25,10000,absent,list,81,0.006103882000,75356.567901,false
25,100,last,list,10504,0.005643994000,537.318545,true
25,100,first,list,214224,0.003942918000,18.405585,true
25,10000,absent,set,200561,0.003776904000,18.831697,false
26,100,first,list,214224,0.004352531000,20.317663,true
26,10000,first,set,207210,0.003715753000,17.932305,true
26,100,absent,list,9643,0.005339885000,553.757648,false
26,10000,absent,set,200561,0.004361705000,21.747523,false
26,100,last,set,201288,0.003845594000,19.104934,true
26,10000,last,set,148148,0.003685609000,24.877886,true
26,1000,first,list,216169,0.004047352000,18.723092,true
26,100,last,list,10504,0.005418651000,515.865480,true
26,100,absent,set,180897,0.003173685000,17.544155,false
26,1000,first,set,193498,0.003924621000,20.282489,true
26,1000,last,list,811,0.005138479000,6335.979038,true
26,1000,absent,set,203004,0.003856680000,18.998049,false
26,10000,absent,list,81,0.005654228000,69805.283951,false
26,10000,first,list,222915,0.004067441000,18.246601,true
26,1000,absent,list,852,0.005287288000,6205.737089,false
26,10000,last,list,74,0.004930292000,66625.567568,true
26,1000,last,set,153139,0.004407903000,28.783674,true
26,100,first,set,174520,0.003085054000,17.677366,true
27,1000,first,list,216169,0.004085848000,18.901175,true
27,10000,last,set,148148,0.003850542000,25.991184,true
27,1000,first,set,193498,0.003544371000,18.317352,true
27,100,absent,set,180897,0.003208596000,17.737143,false
27,10000,first,set,207210,0.003723875000,17.971502,true
27,1000,absent,set,203004,0.004139527000,20.391357,false
27,10000,absent,set,200561,0.003960323000,19.746227,false
27,100,first,set,174520,0.003068680000,17.583543,true
27,100,absent,list,9643,0.004958073000,514.162916,false
27,1000,last,list,811,0.004993035000,6156.639951,true
27,10000,first,list,222915,0.003957419000,17.753040,true
27,1000,last,set,153139,0.003816962000,24.924820,true
27,100,last,list,10504,0.005164507000,491.670506,true
27,1000,absent,list,852,0.005138899000,6031.571596,false
27,10000,last,list,74,0.004933096000,66663.459459,true
27,100,last,set,201288,0.003768331000,18.721091,true
27,10000,absent,list,81,0.005698954000,70357.456790,false
27,100,first,list,214224,0.003978340000,18.570935,true
28,1000,absent,list,852,0.005760745000,6761.437793,false
28,10000,absent,list,81,0.005703141000,70409.148148,false
28,100,absent,set,180897,0.003525083000,19.486686,false
28,100,absent,list,9643,0.004895621000,507.686508,false
28,10000,first,set,207210,0.003612772000,17.435317,true
28,100,last,list,10504,0.005544446000,527.841394,true
28,10000,absent,set,200561,0.003648784000,18.192889,false
28,100,last,set,201288,0.003571992000,17.745678,true
28,10000,first,list,222915,0.003882389000,17.416455,true
28,1000,absent,set,203004,0.003994053000,19.674750,false
28,1000,last,set,153139,0.004415904000,28.835920,true
28,1000,last,list,811,0.005411561000,6672.701603,true
28,10000,last,set,148148,0.003595856000,24.272052,true
28,100,first,list,214224,0.003931892000,18.354115,true
28,100,first,set,174520,0.003507386000,20.097330,true
28,1000,first,list,216169,0.003981584000,18.418848,true
28,10000,last,list,74,0.005100482000,68925.432432,true
28,1000,first,set,193498,0.003508588000,18.132425,true
29,100,absent,list,9643,0.005885148000,610.302603,false
29,10000,first,list,222915,0.004618223000,20.717417,true
29,100,last,set,201288,0.003564491000,17.708413,true
29,10000,last,set,148148,0.003937720000,26.579637,true
29,1000,first,list,216169,0.003910120000,18.088255,true
29,1000,last,list,811,0.005455265000,6726.590629,true
29,1000,absent,list,852,0.005807845000,6816.719484,false
29,10000,last,list,74,0.004976721000,67252.986486,true
29,100,absent,set,180897,0.003362203000,18.586284,false
29,100,first,set,174520,0.003061840000,17.544350,true
29,1000,first,set,193498,0.003737816000,19.317078,true
29,100,last,list,10504,0.005744511000,546.887947,true
29,1000,last,set,153139,0.004043035000,26.401080,true
29,10000,absent,set,200561,0.003642426000,18.161188,false
29,100,first,list,214224,0.004416566000,20.616579,true
29,1000,absent,set,203004,0.005014175000,24.699883,false
29,10000,first,set,207210,0.003763013000,18.160383,true
29,10000,absent,list,81,0.005535814000,68343.382716,false
30,100,first,list,214224,0.003950349000,18.440273,true
30,1000,absent,set,203004,0.003557691000,17.525226,false
30,10000,last,set,148148,0.004439218000,29.964751,true
30,100,absent,set,180897,0.003554166000,19.647457,false
30,100,last,set,201288,0.004437416000,22.045109,true
30,10000,first,set,207210,0.003704827000,17.879576,true
30,1000,last,list,811,0.005033173000,6206.131936,true
30,10000,absent,set,200561,0.004549551000,22.684126,false
30,100,first,set,174520,0.003605040000,20.656887,true
30,100,absent,list,9643,0.004938815000,512.165820,false
30,1000,first,list,216169,0.004449044000,20.581323,true
30,1000,last,set,153139,0.004196461000,27.402954,true
30,100,last,list,10504,0.005793183000,551.521611,true
30,1000,absent,list,852,0.005345715000,6274.313380,false
30,10000,absent,list,81,0.005767265000,71200.802469,false
30,10000,first,list,222915,0.004756155000,21.336182,true
30,1000,first,set,193498,0.003493535000,18.054631,true
30,10000,last,list,74,0.005190265000,70138.716216,true
