size,position,n_per_container,list_median_ns,set_median_ns,list_min_ns,set_min_ns,ratio_list_over_set,set_faster
100,absent,30,506.796,17.65,481.474,17.054,28.713,True
100,first,30,18.38,17.664,17.307,17.101,1.041,True
100,last,30,499.839,17.831,476.038,17.042,28.032,True
1000,absent,30,6066.553,18.307,5778.911,17.108,331.381,True
1000,first,30,17.984,17.988,17.347,17.073,1.0,False
1000,last,30,6183.485,24.921,5804.308,24.226,248.119,True
10000,absent,30,64935.154,18.132,61442.358,16.991,3581.187,True
10000,first,30,17.954,17.585,17.285,17.01,1.021,True
10000,last,30,65801.311,24.684,61250.622,23.627,2665.695,True
